date,age,confirmed,deceased
"2020-03-02",0,32,0
"2020-03-02",10,169,0
"2020-03-02",20,1235,0
"2020-03-02",30,506,1
"2020-03-02",40,633,1
"2020-03-02",50,834,5
"2020-03-02",60,530,6
"2020-03-02",70,192,6
"2020-03-02",80,81,3
"2020-03-03",0,34,0
"2020-03-03",10,204,0
"2020-03-03",20,1417,0
"2020-03-03",30,578,1
"2020-03-03",40,713,1
"2020-03-03",50,952,5
"2020-03-03",60,597,7
"2020-03-03",70,224,9
"2020-03-03",80,93,5
"2020-03-04",0,34,0
"2020-03-04",10,233,0
"2020-03-04",20,1575,0
"2020-03-04",30,631,1
"2020-03-04",40,790,1
"2020-03-04",50,1051,5
"2020-03-04",60,646,7
"2020-03-04",70,260,12
"2020-03-04",80,108,6
"2020-03-05",0,38,0
"2020-03-05",10,257,0
"2020-03-05",20,1727,0
"2020-03-05",30,659,1
"2020-03-05",40,847,1
"2020-03-05",50,1127,5
"2020-03-05",60,699,8
"2020-03-05",70,288,13
"2020-03-05",80,124,7
"2020-03-06",0,45,0
"2020-03-06",10,292,0
"2020-03-06",20,1877,0
"2020-03-06",30,693,1
"2020-03-06",40,889,1
"2020-03-06",50,1217,5
"2020-03-06",60,763,11
"2020-03-06",70,340,14
"2020-03-06",80,168,10
"2020-03-07",0,52,0
"2020-03-07",10,327,0
"2020-03-07",20,2038,0
"2020-03-07",30,727,1
"2020-03-07",40,941,1
"2020-03-07",50,1287,5
"2020-03-07",60,830,11
"2020-03-07",70,384,14
"2020-03-07",80,191,12
"2020-03-08",0,58,0
"2020-03-08",10,360,0
"2020-03-08",20,2133,0
"2020-03-08",30,760,1
"2020-03-08",40,975,1
"2020-03-08",50,1349,5
"2020-03-08",60,878,11
"2020-03-08",70,409,18
"2020-03-08",80,212,14
"2020-03-09",0,66,0
"2020-03-09",10,381,0
"2020-03-09",20,2190,0
"2020-03-09",30,779,1
"2020-03-09",40,1005,1
"2020-03-09",50,1391,5
"2020-03-09",60,916,12
"2020-03-09",70,438,18
"2020-03-09",80,216,14
"2020-03-10",0,67,0
"2020-03-10",10,393,0
"2020-03-10",20,2213,0
"2020-03-10",30,789,1
"2020-03-10",40,1030,1
"2020-03-10",50,1416,5
"2020-03-10",60,929,13
"2020-03-10",70,454,19
"2020-03-10",80,222,15
"2020-03-11",0,75,0
"2020-03-11",10,405,0
"2020-03-11",20,2238,0
"2020-03-11",30,804,1
"2020-03-11",40,1082,1
"2020-03-11",50,1472,6
"2020-03-11",60,960,14
"2020-03-11",70,483,21
"2020-03-11",80,236,17
"2020-03-12",0,76,0
"2020-03-12",10,412,0
"2020-03-12",20,2261,0
"2020-03-12",30,812,1
"2020-03-12",40,1101,1
"2020-03-12",50,1495,6
"2020-03-12",60,972,14
"2020-03-12",70,497,24
"2020-03-12",80,243,20
"2020-03-13",0,77,0
"2020-03-13",10,421,0
"2020-03-13",20,2274,0
"2020-03-13",30,823,1
"2020-03-13",40,1117,1
"2020-03-13",50,1523,6
"2020-03-13",60,985,14
"2020-03-13",70,506,24
"2020-03-13",80,253,21
"2020-03-14",0,81,0
"2020-03-14",10,424,0
"2020-03-14",20,2287,0
"2020-03-14",30,833,1
"2020-03-14",40,1133,1
"2020-03-14",50,1551,6
"2020-03-14",60,999,14
"2020-03-14",70,515,27
"2020-03-14",80,263,23
"2020-03-15",0,83,0
"2020-03-15",10,427,0
"2020-03-15",20,2301,0
"2020-03-15",30,842,1
"2020-03-15",40,1141,1
"2020-03-15",50,1568,6
"2020-03-15",60,1012,14
"2020-03-15",70,525,28
"2020-03-15",80,263,25
"2020-03-16",0,85,0
"2020-03-16",10,432,0
"2020-03-16",20,2313,0
"2020-03-16",30,849,1
"2020-03-16",40,1147,1
"2020-03-16",50,1585,6
"2020-03-16",60,1024,14
"2020-03-16",70,531,28
"2020-03-16",80,270,25
"2020-03-17",0,86,0
"2020-03-17",10,436,0
"2020-03-17",20,2330,0
"2020-03-17",30,856,1
"2020-03-17",40,1164,1
"2020-03-17",50,1602,6
"2020-03-17",60,1033,16
"2020-03-17",70,539,29
"2020-03-17",80,274,28
"2020-03-18",0,87,0
"2020-03-18",10,438,0
"2020-03-18",20,2342,0
"2020-03-18",30,873,1
"2020-03-18",40,1171,1
"2020-03-18",50,1615,6
"2020-03-18",60,1059,16
"2020-03-18",70,542,29
"2020-03-18",80,286,31
"2020-03-19",0,91,0
"2020-03-19",10,444,0
"2020-03-19",20,2358,0
"2020-03-19",30,886,1
"2020-03-19",40,1181,1
"2020-03-19",50,1642,7
"2020-03-19",60,1080,17
"2020-03-19",70,562,34
"2020-03-19",80,321,31
"2020-03-20",0,97,0
"2020-03-20",10,452,0
"2020-03-20",20,2365,0
"2020-03-20",30,893,1
"2020-03-20",40,1193,1
"2020-03-20",50,1656,7
"2020-03-20",60,1099,17
"2020-03-20",70,568,35
"2020-03-20",80,329,33
"2020-03-21",0,99,0
"2020-03-21",10,457,0
"2020-03-21",20,2380,0
"2020-03-21",30,900,1
"2020-03-21",40,1203,1
"2020-03-21",50,1672,7
"2020-03-21",60,1118,17
"2020-03-21",70,589,37
"2020-03-21",80,381,39
"2020-03-22",0,101,0
"2020-03-22",10,460,0
"2020-03-22",20,2396,0
"2020-03-22",30,909,1
"2020-03-22",40,1221,1
"2020-03-22",50,1691,7
"2020-03-22",60,1132,17
"2020-03-22",70,595,37
"2020-03-22",80,392,41
"2020-03-23",0,103,0
"2020-03-23",10,460,0
"2020-03-23",20,2417,0
"2020-03-23",30,917,1
"2020-03-23",40,1228,1
"2020-03-23",50,1702,7
"2020-03-23",60,1139,18
"2020-03-23",70,599,38
"2020-03-23",80,396,46
"2020-03-24",0,105,0
"2020-03-24",10,468,0
"2020-03-24",20,2438,0
"2020-03-24",30,921,1
"2020-03-24",40,1234,1
"2020-03-24",50,1716,8
"2020-03-24",60,1146,20
"2020-03-24",70,608,38
"2020-03-24",80,401,52
"2020-03-25",0,105,0
"2020-03-25",10,475,0
"2020-03-25",20,2473,0
"2020-03-25",30,943,1
"2020-03-25",40,1246,1
"2020-03-25",50,1724,10
"2020-03-25",60,1154,20
"2020-03-25",70,611,39
"2020-03-25",80,406,55
"2020-03-26",0,106,0
"2020-03-26",10,488,0
"2020-03-26",20,2508,0
"2020-03-26",30,955,1
"2020-03-26",40,1252,1
"2020-03-26",50,1738,10
"2020-03-26",60,1162,20
"2020-03-26",70,616,41
"2020-03-26",80,416,58
"2020-03-27",0,108,0
"2020-03-27",10,496,0
"2020-03-27",20,2532,0
"2020-03-27",30,960,1
"2020-03-27",40,1256,1
"2020-03-27",50,1752,10
"2020-03-27",60,1170,21
"2020-03-27",70,630,41
"2020-03-27",80,428,65
"2020-03-28",0,109,0
"2020-03-28",10,501,0
"2020-03-28",20,2567,0
"2020-03-28",30,978,1
"2020-03-28",40,1278,1
"2020-03-28",50,1780,10
"2020-03-28",60,1201,21
"2020-03-28",70,632,41
"2020-03-28",80,432,70
"2020-03-29",0,111,0
"2020-03-29",10,508,0
"2020-03-29",20,2602,0
"2020-03-29",30,993,1
"2020-03-29",40,1292,1
"2020-03-29",50,1798,10
"2020-03-29",60,1210,21
"2020-03-29",70,635,43
"2020-03-29",80,434,76
"2020-03-30",0,112,0
"2020-03-30",10,513,0
"2020-03-30",20,2630,0
"2020-03-30",30,1002,1
"2020-03-30",40,1297,1
"2020-03-30",50,1812,10
"2020-03-30",60,1218,21
"2020-03-30",70,640,45
"2020-03-30",80,437,80
"2020-03-31",0,112,0
"2020-03-31",10,515,0
"2020-03-31",20,2656,0
"2020-03-31",30,1012,1
"2020-03-31",40,1312,1
"2020-03-31",50,1851,10
"2020-03-31",60,1235,22
"2020-03-31",70,651,46
"2020-03-31",80,442,82
"2020-04-01",0,116,0
"2020-04-01",10,519,0
"2020-04-01",20,2682,0
"2020-04-01",30,1027,1
"2020-04-01",40,1323,1
"2020-04-01",50,1865,10
"2020-04-01",60,1245,23
"2020-04-01",70,658,46
"2020-04-01",80,452,84
"2020-04-02",0,119,0
"2020-04-02",10,522,0
"2020-04-02",20,2704,0
"2020-04-02",30,1043,1
"2020-04-02",40,1336,2
"2020-04-02",50,1878,11
"2020-04-02",60,1258,23
"2020-04-02",70,663,47
"2020-04-02",80,453,85
"2020-04-03",0,121,0
"2020-04-03",10,528,0
"2020-04-03",20,2734,0
"2020-04-03",30,1052,1
"2020-04-03",40,1350,2
"2020-04-03",50,1887,12
"2020-04-03",60,1266,24
"2020-04-03",70,668,49
"2020-04-03",80,456,86
"2020-04-04",0,122,0
"2020-04-04",10,530,0
"2020-04-04",20,2761,0
"2020-04-04",30,1066,1
"2020-04-04",40,1358,2
"2020-04-04",50,1898,12
"2020-04-04",60,1282,25
"2020-04-04",70,678,50
"2020-04-04",80,461,87
"2020-04-05",0,124,0
"2020-04-05",10,535,0
"2020-04-05",20,2789,0
"2020-04-05",30,1083,1
"2020-04-05",40,1370,2
"2020-04-05",50,1904,13
"2020-04-05",60,1289,25
"2020-04-05",70,681,51
"2020-04-05",80,462,91
"2020-04-06",0,126,0
"2020-04-06",10,542,0
"2020-04-06",20,2804,0
"2020-04-06",30,1086,1
"2020-04-06",40,1375,2
"2020-04-06",50,1906,13
"2020-04-06",60,1294,26
"2020-04-06",70,686,52
"2020-04-06",80,465,92
"2020-04-07",0,126,0
"2020-04-07",10,544,0
"2020-04-07",20,2819,0
"2020-04-07",30,1092,1
"2020-04-07",40,1382,2
"2020-04-07",50,1909,13
"2020-04-07",60,1304,26
"2020-04-07",70,689,57
"2020-04-07",80,466,93
"2020-04-08",0,126,0
"2020-04-08",10,548,0
"2020-04-08",20,2832,0
"2020-04-08",30,1102,1
"2020-04-08",40,1387,3
"2020-04-08",50,1915,13
"2020-04-08",60,1312,27
"2020-04-08",70,692,60
"2020-04-08",80,470,96
"2020-04-09",0,128,0
"2020-04-09",10,552,0
"2020-04-09",20,2844,0
"2020-04-09",30,1109,1
"2020-04-09",40,1394,3
"2020-04-09",50,1917,13
"2020-04-09",60,1314,27
"2020-04-09",70,692,60
"2020-04-09",80,473,100
"2020-04-10",0,129,0
"2020-04-10",10,553,0
"2020-04-10",20,2851,0
"2020-04-10",30,1113,1
"2020-04-10",40,1396,3
"2020-04-10",50,1920,13
"2020-04-10",60,1320,28
"2020-04-10",70,694,62
"2020-04-10",80,474,101
"2020-04-11",0,130,0
"2020-04-11",10,558,0
"2020-04-11",20,2856,0
"2020-04-11",30,1115,1
"2020-04-11",40,1399,3
"2020-04-11",50,1926,14
"2020-04-11",60,1327,29
"2020-04-11",70,694,63
"2020-04-11",80,475,101
"2020-04-12",0,130,0
"2020-04-12",10,561,0
"2020-04-12",20,2869,0
"2020-04-12",30,1120,1
"2020-04-12",40,1400,3
"2020-04-12",50,1930,14
"2020-04-12",60,1330,31
"2020-04-12",70,697,63
"2020-04-12",80,475,102
"2020-04-13",0,132,0
"2020-04-13",10,562,0
"2020-04-13",20,2879,0
"2020-04-13",30,1122,1
"2020-04-13",40,1401,3
"2020-04-13",50,1932,14
"2020-04-13",60,1335,32
"2020-04-13",70,698,64
"2020-04-13",80,476,103
"2020-04-14",0,132,0
"2020-04-14",10,565,0
"2020-04-14",20,2886,0
"2020-04-14",30,1126,1
"2020-04-14",40,1405,3
"2020-04-14",50,1935,14
"2020-04-14",60,1338,33
"2020-04-14",70,700,65
"2020-04-14",80,477,106
"2020-04-15",0,132,0
"2020-04-15",10,569,0
"2020-04-15",20,2895,0
"2020-04-15",30,1131,1
"2020-04-15",40,1408,3
"2020-04-15",50,1937,14
"2020-04-15",60,1339,33
"2020-04-15",70,702,68
"2020-04-15",80,478,106
"2020-04-16",0,135,0
"2020-04-16",10,572,0
"2020-04-16",20,2900,0
"2020-04-16",30,1132,1
"2020-04-16",40,1410,3
"2020-04-16",50,1940,14
"2020-04-16",60,1341,33
"2020-04-16",70,703,68
"2020-04-16",80,480,110
"2020-04-17",0,136,0
"2020-04-17",10,576,0
"2020-04-17",20,2909,0
"2020-04-17",30,1135,1
"2020-04-17",40,1411,3
"2020-04-17",50,1942,14
"2020-04-17",60,1342,33
"2020-04-17",70,704,68
"2020-04-17",80,480,111
"2020-04-18",0,138,0
"2020-04-18",10,576,0
"2020-04-18",20,2918,0
"2020-04-18",30,1136,1
"2020-04-18",40,1412,3
"2020-04-18",50,1944,15
"2020-04-18",60,1343,33
"2020-04-18",70,705,68
"2020-04-18",80,481,112
"2020-04-19",0,138,0
"2020-04-19",10,578,0
"2020-04-19",20,2921,0
"2020-04-19",30,1137,2
"2020-04-19",40,1412,3
"2020-04-19",50,1945,15
"2020-04-19",60,1343,34
"2020-04-19",70,705,68
"2020-04-19",80,482,112
"2020-04-20",0,138,0
"2020-04-20",10,581,0
"2020-04-20",20,2926,0
"2020-04-20",30,1139,2
"2020-04-20",40,1412,3
"2020-04-20",50,1948,15
"2020-04-20",60,1343,34
"2020-04-20",70,705,69
"2020-04-20",80,482,113
"2020-04-21",0,138,0
"2020-04-21",10,582,0
"2020-04-21",20,2928,0
"2020-04-21",30,1139,2
"2020-04-21",40,1413,3
"2020-04-21",50,1951,15
"2020-04-21",60,1343,34
"2020-04-21",70,706,70
"2020-04-21",80,483,113
"2020-04-22",0,138,0
"2020-04-22",10,583,0
"2020-04-22",20,2931,0
"2020-04-22",30,1140,2
"2020-04-22",40,1417,3
"2020-04-22",50,1951,15
"2020-04-22",60,1344,34
"2020-04-22",70,707,71
"2020-04-22",80,483,113
"2020-04-23",0,138,0
"2020-04-23",10,584,0
"2020-04-23",20,2933,0
"2020-04-23",30,1141,2
"2020-04-23",40,1418,3
"2020-04-23",50,1952,15
"2020-04-23",60,1344,35
"2020-04-23",70,708,71
"2020-04-23",80,484,114
"2020-04-24",0,138,0
"2020-04-24",10,585,0
"2020-04-24",20,2934,0
"2020-04-24",30,1142,2
"2020-04-24",40,1418,3
"2020-04-24",50,1953,15
"2020-04-24",60,1345,35
"2020-04-24",70,708,71
"2020-04-24",80,485,114
"2020-04-25",0,139,0
"2020-04-25",10,586,0
"2020-04-25",20,2937,0
"2020-04-25",30,1143,2
"2020-04-25",40,1420,3
"2020-04-25",50,1953,15
"2020-04-25",60,1347,35
"2020-04-25",70,708,71
"2020-04-25",80,485,114
"2020-04-26",0,140,0
"2020-04-26",10,586,0
"2020-04-26",20,2940,0
"2020-04-26",30,1147,2
"2020-04-26",40,1421,3
"2020-04-26",50,1953,15
"2020-04-26",60,1347,35
"2020-04-26",70,708,72
"2020-04-26",80,485,115
"2020-04-27",0,140,0
"2020-04-27",10,588,0
"2020-04-27",20,2943,0
"2020-04-27",30,1152,2
"2020-04-27",40,1422,3
"2020-04-27",50,1953,15
"2020-04-27",60,1347,35
"2020-04-27",70,708,72
"2020-04-27",80,485,116
"2020-04-28",0,140,0
"2020-04-28",10,590,0
"2020-04-28",20,2948,0
"2020-04-28",30,1154,2
"2020-04-28",40,1423,3
"2020-04-28",50,1955,15
"2020-04-28",60,1348,35
"2020-04-28",70,709,73
"2020-04-28",80,485,116
"2020-04-29",0,140,0
"2020-04-29",10,590,0
"2020-04-29",20,2951,0
"2020-04-29",30,1156,2
"2020-04-29",40,1426,3
"2020-04-29",50,1956,15
"2020-04-29",60,1348,35
"2020-04-29",70,709,73
"2020-04-29",80,485,118
"2020-04-30",0,140,0
"2020-04-30",10,590,0
"2020-04-30",20,2952,0
"2020-04-30",30,1158,2
"2020-04-30",40,1427,3
"2020-04-30",50,1956,15
"2020-04-30",60,1348,35
"2020-04-30",70,709,74
"2020-04-30",80,485,118
"2020-05-01",0,140,0
"2020-05-01",10,590,0
"2020-05-01",20,2957,0
"2020-05-01",30,1159,2
"2020-05-01",40,1429,3
"2020-05-01",50,1956,15
"2020-05-01",60,1348,35
"2020-05-01",70,709,75
"2020-05-01",80,486,118
"2020-05-02",0,140,0
"2020-05-02",10,590,0
"2020-05-02",20,2960,0
"2020-05-02",30,1160,2
"2020-05-02",40,1430,3
"2020-05-02",50,1956,15
"2020-05-02",60,1349,35
"2020-05-02",70,709,75
"2020-05-02",80,486,120
"2020-05-03",0,140,0
"2020-05-03",10,591,0
"2020-05-03",20,2962,0
"2020-05-03",30,1163,2
"2020-05-03",40,1432,3
"2020-05-03",50,1956,15
"2020-05-03",60,1351,35
"2020-05-03",70,710,75
"2020-05-03",80,488,120
"2020-05-04",0,140,0
"2020-05-04",10,591,0
"2020-05-04",20,2964,0
"2020-05-04",30,1164,2
"2020-05-04",40,1435,3
"2020-05-04",50,1956,15
"2020-05-04",60,1353,36
"2020-05-04",70,710,76
"2020-05-04",80,488,120
"2020-05-05",0,140,0
"2020-05-05",10,591,0
"2020-05-05",20,2964,0
"2020-05-05",30,1165,2
"2020-05-05",40,1436,3
"2020-05-05",50,1957,15
"2020-05-05",60,1353,36
"2020-05-05",70,710,76
"2020-05-05",80,488,122
"2020-05-06",0,140,0
"2020-05-06",10,591,0
"2020-05-06",20,2964,0
"2020-05-06",30,1166,2
"2020-05-06",40,1436,3
"2020-05-06",50,1957,15
"2020-05-06",60,1354,36
"2020-05-06",70,710,77
"2020-05-06",80,488,122
"2020-05-07",0,140,0
"2020-05-07",10,592,0
"2020-05-07",20,2966,0
"2020-05-07",30,1167,2
"2020-05-07",40,1436,3
"2020-05-07",50,1957,15
"2020-05-07",60,1354,37
"2020-05-07",70,710,77
"2020-05-07",80,488,122
"2020-05-08",0,141,0
"2020-05-08",10,592,0
"2020-05-08",20,2967,0
"2020-05-08",30,1174,2
"2020-05-08",40,1438,3
"2020-05-08",50,1957,15
"2020-05-08",60,1355,37
"2020-05-08",70,710,77
"2020-05-08",80,488,122
"2020-05-09",0,141,0
"2020-05-09",10,594,0
"2020-05-09",20,2979,0
"2020-05-09",30,1177,2
"2020-05-09",40,1438,3
"2020-05-09",50,1958,15
"2020-05-09",60,1355,37
"2020-05-09",70,710,77
"2020-05-09",80,488,122
"2020-05-10",0,141,0
"2020-05-10",10,597,0
"2020-05-10",20,2998,0
"2020-05-10",30,1180,2
"2020-05-10",40,1442,3
"2020-05-10",50,1960,15
"2020-05-10",60,1357,37
"2020-05-10",70,711,77
"2020-05-10",80,488,122
"2020-05-11",0,141,0
"2020-05-11",10,598,0
"2020-05-11",20,3019,0
"2020-05-11",30,1188,2
"2020-05-11",40,1446,3
"2020-05-11",50,1960,15
"2020-05-11",60,1358,37
"2020-05-11",70,711,77
"2020-05-11",80,488,122
"2020-05-12",0,142,0
"2020-05-12",10,602,0
"2020-05-12",20,3029,0
"2020-05-12",30,1194,2
"2020-05-12",40,1448,3
"2020-05-12",50,1963,15
"2020-05-12",60,1358,37
"2020-05-12",70,711,77
"2020-05-12",80,489,124
"2020-05-13",0,143,0
"2020-05-13",10,603,0
"2020-05-13",20,3042,0
"2020-05-13",30,1199,2
"2020-05-13",40,1450,3
"2020-05-13",50,1964,15
"2020-05-13",60,1359,37
"2020-05-13",70,712,77
"2020-05-13",80,490,125
"2020-05-14",0,143,0
"2020-05-14",10,614,0
"2020-05-14",20,3056,0
"2020-05-14",30,1202,2
"2020-05-14",40,1451,3
"2020-05-14",50,1964,15
"2020-05-14",60,1359,38
"2020-05-14",70,712,77
"2020-05-14",80,490,125
"2020-05-15",0,145,0
"2020-05-15",10,617,0
"2020-05-15",20,3066,0
"2020-05-15",30,1207,2
"2020-05-15",40,1453,3
"2020-05-15",50,1965,15
"2020-05-15",60,1361,38
"2020-05-15",70,714,77
"2020-05-15",80,490,125
"2020-05-16",0,147,0
"2020-05-16",10,619,0
"2020-05-16",20,3074,0
"2020-05-16",30,1209,2
"2020-05-16",40,1454,3
"2020-05-16",50,1966,15
"2020-05-16",60,1364,38
"2020-05-16",70,714,77
"2020-05-16",80,490,127
"2020-05-17",0,147,0
"2020-05-17",10,620,0
"2020-05-17",20,3079,0
"2020-05-17",30,1211,2
"2020-05-17",40,1457,3
"2020-05-17",50,1967,15
"2020-05-17",60,1364,38
"2020-05-17",70,715,77
"2020-05-17",80,490,127
"2020-05-18",0,147,0
"2020-05-18",10,621,0
"2020-05-18",20,3082,0
"2020-05-18",30,1215,2
"2020-05-18",40,1462,3
"2020-05-18",50,1968,15
"2020-05-18",60,1365,38
"2020-05-18",70,715,78
"2020-05-18",80,490,127
"2020-05-19",0,148,0
"2020-05-19",10,621,0
"2020-05-19",20,3087,0
"2020-05-19",30,1215,2
"2020-05-19",40,1462,3
"2020-05-19",50,1971,15
"2020-05-19",60,1368,38
"2020-05-19",70,716,78
"2020-05-19",80,490,127
"2020-05-20",0,148,0
"2020-05-20",10,627,0
"2020-05-20",20,3100,0
"2020-05-20",30,1219,2
"2020-05-20",40,1468,3
"2020-05-20",50,1972,15
"2020-05-20",60,1369,38
"2020-05-20",70,717,78
"2020-05-20",80,490,127
"2020-05-21",0,148,0
"2020-05-21",10,631,0
"2020-05-21",20,3103,0
"2020-05-21",30,1221,2
"2020-05-21",40,1471,3
"2020-05-21",50,1972,15
"2020-05-21",60,1369,38
"2020-05-21",70,717,78
"2020-05-21",80,490,128
"2020-05-22",0,149,0
"2020-05-22",10,633,0
"2020-05-22",20,3111,0
"2020-05-22",30,1225,2
"2020-05-22",40,1473,3
"2020-05-22",50,1974,15
"2020-05-22",60,1369,38
"2020-05-22",70,718,78
"2020-05-22",80,490,128
"2020-05-23",0,149,0
"2020-05-23",10,634,0
"2020-05-23",20,3113,0
"2020-05-23",30,1231,2
"2020-05-23",40,1474,3
"2020-05-23",50,1983,15
"2020-05-23",60,1372,39
"2020-05-23",70,718,78
"2020-05-23",80,491,129
"2020-05-24",0,149,0
"2020-05-24",10,636,0
"2020-05-24",20,3117,0
"2020-05-24",30,1235,2
"2020-05-24",40,1481,3
"2020-05-24",50,1987,15
"2020-05-24",60,1375,39
"2020-05-24",70,719,78
"2020-05-24",80,491,129
"2020-05-25",0,149,0
"2020-05-25",10,637,0
"2020-05-25",20,3120,0
"2020-05-25",30,1238,2
"2020-05-25",40,1483,3
"2020-05-25",50,1992,15
"2020-05-25",60,1377,39
"2020-05-25",70,719,79
"2020-05-25",80,491,129
"2020-05-26",0,150,0
"2020-05-26",10,638,0
"2020-05-26",20,3123,0
"2020-05-26",30,1242,2
"2020-05-26",40,1486,3
"2020-05-26",50,1996,15
"2020-05-26",60,1378,39
"2020-05-26",70,721,79
"2020-05-26",80,491,131
"2020-05-27",0,153,0
"2020-05-27",10,640,0
"2020-05-27",20,3131,0
"2020-05-27",30,1248,2
"2020-05-27",40,1489,3
"2020-05-27",50,2002,15
"2020-05-27",60,1386,39
"2020-05-27",70,724,79
"2020-05-27",80,492,131
"2020-05-28",0,155,0
"2020-05-28",10,644,0
"2020-05-28",20,3146,0
"2020-05-28",30,1274,2
"2020-05-28",40,1503,3
"2020-05-28",50,2014,15
"2020-05-28",60,1392,39
"2020-05-28",70,724,79
"2020-05-28",80,492,131
"2020-05-29",0,156,0
"2020-05-29",10,650,0
"2020-05-29",20,3158,0
"2020-05-29",30,1283,2
"2020-05-29",40,1513,3
"2020-05-29",50,2023,15
"2020-05-29",60,1400,39
"2020-05-29",70,724,79
"2020-05-29",80,495,131
"2020-05-30",0,157,0
"2020-05-30",10,655,0
"2020-05-30",20,3167,0
"2020-05-30",30,1285,2
"2020-05-30",40,1517,3
"2020-05-30",50,2033,15
"2020-05-30",60,1404,39
"2020-05-30",70,725,79
"2020-05-30",80,498,131
"2020-05-31",0,157,0
"2020-05-31",10,655,0
"2020-05-31",20,3176,0
"2020-05-31",30,1292,2
"2020-05-31",40,1521,3
"2020-05-31",50,2039,15
"2020-05-31",60,1405,39
"2020-05-31",70,725,80
"2020-05-31",80,498,131
"2020-06-01",0,158,0
"2020-06-01",10,657,0
"2020-06-01",20,3178,0
"2020-06-01",30,1296,2
"2020-06-01",40,1527,3
"2020-06-01",50,2052,15
"2020-06-01",60,1410,39
"2020-06-01",70,727,80
"2020-06-01",80,498,132
"2020-06-02",0,158,0
"2020-06-02",10,659,0
"2020-06-02",20,3183,0
"2020-06-02",30,1299,2
"2020-06-02",40,1529,3
"2020-06-02",50,2061,15
"2020-06-02",60,1421,39
"2020-06-02",70,732,80
"2020-06-02",80,499,133
"2020-06-03",0,159,0
"2020-06-03",10,661,0
"2020-06-03",20,3188,0
"2020-06-03",30,1305,2
"2020-06-03",40,1534,3
"2020-06-03",50,2070,15
"2020-06-03",60,1436,39
"2020-06-03",70,738,81
"2020-06-03",80,499,133
"2020-06-04",0,160,0
"2020-06-04",10,661,0
"2020-06-04",20,3193,0
"2020-06-04",30,1308,2
"2020-06-04",40,1537,3
"2020-06-04",50,2079,15
"2020-06-04",60,1445,39
"2020-06-04",70,744,81
"2020-06-04",80,502,133
"2020-06-05",0,161,0
"2020-06-05",10,663,0
"2020-06-05",20,3198,0
"2020-06-05",30,1310,2
"2020-06-05",40,1540,3
"2020-06-05",50,2086,15
"2020-06-05",60,1455,39
"2020-06-05",70,751,81
"2020-06-05",80,504,133
"2020-06-06",0,164,0
"2020-06-06",10,664,0
"2020-06-06",20,3200,0
"2020-06-06",30,1316,2
"2020-06-06",40,1551,3
"2020-06-06",50,2094,15
"2020-06-06",60,1464,39
"2020-06-06",70,759,81
"2020-06-06",80,507,133
"2020-06-07",0,165,0
"2020-06-07",10,670,0
"2020-06-07",20,3203,0
"2020-06-07",30,1322,2
"2020-06-07",40,1559,3
"2020-06-07",50,2105,15
"2020-06-07",60,1476,39
"2020-06-07",70,767,81
"2020-06-07",80,509,133
"2020-06-08",0,166,0
"2020-06-08",10,672,0
"2020-06-08",20,3208,0
"2020-06-08",30,1324,2
"2020-06-08",40,1564,3
"2020-06-08",50,2111,15
"2020-06-08",60,1487,39
"2020-06-08",70,770,81
"2020-06-08",80,512,133
"2020-06-09",0,166,0
"2020-06-09",10,672,0
"2020-06-09",20,3211,0
"2020-06-09",30,1326,2
"2020-06-09",40,1568,3
"2020-06-09",50,2121,15
"2020-06-09",60,1496,39
"2020-06-09",70,775,81
"2020-06-09",80,517,134
"2020-06-10",0,167,0
"2020-06-10",10,674,0
"2020-06-10",20,3217,0
"2020-06-10",30,1335,2
"2020-06-10",40,1569,3
"2020-06-10",50,2128,15
"2020-06-10",60,1512,39
"2020-06-10",70,782,81
"2020-06-10",80,518,136
"2020-06-11",0,168,0
"2020-06-11",10,677,0
"2020-06-11",20,3223,0
"2020-06-11",30,1345,2
"2020-06-11",40,1574,3
"2020-06-11",50,2137,15
"2020-06-11",60,1517,39
"2020-06-11",70,787,81
"2020-06-11",80,519,136
"2020-06-12",0,168,0
"2020-06-12",10,680,0
"2020-06-12",20,3234,0
"2020-06-12",30,1353,2
"2020-06-12",40,1575,3
"2020-06-12",50,2154,15
"2020-06-12",60,1530,40
"2020-06-12",70,789,81
"2020-06-12",80,520,136
"2020-06-13",0,168,0
"2020-06-13",10,681,0
"2020-06-13",20,3243,0
"2020-06-13",30,1354,2
"2020-06-13",40,1578,3
"2020-06-13",50,2163,15
"2020-06-13",60,1538,40
"2020-06-13",70,796,81
"2020-06-13",80,530,136
"2020-06-14",0,168,0
"2020-06-14",10,681,0
"2020-06-14",20,3251,0
"2020-06-14",30,1357,2
"2020-06-14",40,1584,3
"2020-06-14",50,2170,15
"2020-06-14",60,1546,40
"2020-06-14",70,797,81
"2020-06-14",80,531,136
"2020-06-15",0,170,0
"2020-06-15",10,681,0
"2020-06-15",20,3256,0
"2020-06-15",30,1362,2
"2020-06-15",40,1595,3
"2020-06-15",50,2176,15
"2020-06-15",60,1550,40
"2020-06-15",70,799,81
"2020-06-15",80,532,136
"2020-06-16",0,172,0
"2020-06-16",10,682,0
"2020-06-16",20,3259,0
"2020-06-16",30,1366,2
"2020-06-16",40,1599,3
"2020-06-16",50,2182,15
"2020-06-16",60,1558,40
"2020-06-16",70,805,81
"2020-06-16",80,532,137
"2020-06-17",0,174,0
"2020-06-17",10,683,0
"2020-06-17",20,3267,0
"2020-06-17",30,1380,2
"2020-06-17",40,1601,3
"2020-06-17",50,2189,15
"2020-06-17",60,1561,40
"2020-06-17",70,810,81
"2020-06-17",80,533,138
"2020-06-18",0,175,0
"2020-06-18",10,684,0
"2020-06-18",20,3277,0
"2020-06-18",30,1384,2
"2020-06-18",40,1607,3
"2020-06-18",50,2198,15
"2020-06-18",60,1574,40
"2020-06-18",70,817,81
"2020-06-18",80,541,139
"2020-06-19",0,175,0
"2020-06-19",10,686,0
"2020-06-19",20,3285,0
"2020-06-19",30,1393,2
"2020-06-19",40,1610,3
"2020-06-19",50,2210,15
"2020-06-19",60,1585,40
"2020-06-19",70,820,81
"2020-06-19",80,542,139
"2020-06-20",0,177,0
"2020-06-20",10,690,0
"2020-06-20",20,3294,0
"2020-06-20",30,1406,2
"2020-06-20",40,1618,3
"2020-06-20",50,2222,15
"2020-06-20",60,1598,40
"2020-06-20",70,823,81
"2020-06-20",80,545,139
"2020-06-21",0,177,0
"2020-06-21",10,691,0
"2020-06-21",20,3299,0
"2020-06-21",30,1416,2
"2020-06-21",40,1623,3
"2020-06-21",50,2230,15
"2020-06-21",60,1608,40
"2020-06-21",70,829,81
"2020-06-21",80,548,139
"2020-06-22",0,177,0
"2020-06-22",10,692,0
"2020-06-22",20,3302,0
"2020-06-22",30,1420,2
"2020-06-22",40,1624,3
"2020-06-22",50,2235,15
"2020-06-22",60,1610,40
"2020-06-22",70,830,81
"2020-06-22",80,548,139
"2020-06-23",0,180,0
"2020-06-23",10,692,0
"2020-06-23",20,3306,0
"2020-06-23",30,1429,2
"2020-06-23",40,1633,3
"2020-06-23",50,2244,15
"2020-06-23",60,1617,41
"2020-06-23",70,834,81
"2020-06-23",80,549,139
"2020-06-24",0,182,0
"2020-06-24",10,693,0
"2020-06-24",20,3309,0
"2020-06-24",30,1444,2
"2020-06-24",40,1644,3
"2020-06-24",50,2254,15
"2020-06-24",60,1622,41
"2020-06-24",70,836,81
"2020-06-24",80,551,139
"2020-06-25",0,183,0
"2020-06-25",10,696,0
"2020-06-25",20,3309,0
"2020-06-25",30,1453,2
"2020-06-25",40,1646,3
"2020-06-25",50,2260,15
"2020-06-25",60,1627,41
"2020-06-25",70,838,82
"2020-06-25",80,551,139
"2020-06-26",0,184,0
"2020-06-26",10,698,0
"2020-06-26",20,3317,0
"2020-06-26",30,1463,2
"2020-06-26",40,1651,3
"2020-06-26",50,2264,15
"2020-06-26",60,1633,41
"2020-06-26",70,839,82
"2020-06-26",80,553,139
"2020-06-27",0,185,0
"2020-06-27",10,700,0
"2020-06-27",20,3331,0
"2020-06-27",30,1473,2
"2020-06-27",40,1657,3
"2020-06-27",50,2269,15
"2020-06-27",60,1640,41
"2020-06-27",70,843,82
"2020-06-27",80,555,139
"2020-06-28",0,187,0
"2020-06-28",10,703,0
"2020-06-28",20,3343,0
"2020-06-28",30,1485,2
"2020-06-28",40,1667,3
"2020-06-28",50,2275,15
"2020-06-28",60,1653,41
"2020-06-28",70,846,82
"2020-06-28",80,556,139
"2020-06-29",0,190,0
"2020-06-29",10,704,0
"2020-06-29",20,3352,0
"2020-06-29",30,1490,2
"2020-06-29",40,1673,3
"2020-06-29",50,2280,15
"2020-06-29",60,1665,41
"2020-06-29",70,847,82
"2020-06-29",80,556,139
"2020-06-30",0,193,0
"2020-06-30",10,708,0
"2020-06-30",20,3362,0
"2020-06-30",30,1496,2
"2020-06-30",40,1681,3
"2020-06-30",50,2286,15
"2020-06-30",60,1668,41
"2020-06-30",70,850,82
"2020-06-30",80,556,139
